{
"z": [
"Z, the twenty-sixth and last letter of the English alphabet, is a vocal consonant. It is taken from the Latin letter Z, which came from the Greek alphabet, this having it from a Semitic source. The ultimate origin is probably Egyptian. Etymologically, it is most closely related to s, y, and j; as in glass, glaze; E. yoke, Gr. &unr_;, L. yugum; E. zealous, jealous.  See Guide to Pronunciation, §§ 273, 274"
],
"za": [
"An old solfeggio name for B flat; the seventh harmonic, as heard in the or aeolian string; -- so called by Tartini. It was long considered a false, but is the true note of the chord of the flat seventh"
],
"zabaism": [
"___sabianism"
],
"zabian": [
"___sabian"
],
"zabism": [
"___zabaism"
],
"zacco": [
"___zocco"
],
"zachun": [
"An oil pressed by the Arabs from the fruit of a small thorny tree (Balanites Aegyptiaca), and sold to piligrims for a healing ointment"
],
"zaerthe": [
"___zärthe",
"A European bream (Abramis vimba)"
],
"zaffer": [
"A pigment obtained, usually by roasting cobalt glance with sand or quartz, as a dark earthy powder. It consists of crude cobalt oxide, or of an impure cobalt arseniate. It is used in porcelain painting, and in enameling pottery, to produce a blue color, and is often confounded with smalt, from which, however, it is distinct, as it contains no potash. The name is often loosely applied to mixtures of zaffer proper with silica, or oxides of iron, manganese, etc"
],
"zaim": [
"A Turkish chief who supports a mounted militia bearing the same name"
],
"zaimet": [
"A district from which a Zaim draws his revenue"
],
"zain": [
"A horse of a dark color, neither gray nor white, and having no spots"
],
"zalambdodont": [
"Of or pertaining to a tribe (Zalambdodonta) of Insectivora in which the molar teeth have but one V-shaped ridge",
"One of the Zalambdodonta. The tenrec, solenodon, and golden moles are examples"
],
"zama": [
"the battle in 202 BC in which Scipio decisively defeated Hannibal at the end of the second Punic War"
],
"zaman": [
"A large ornamental tropical American tree (Albizia saman) with bipinnate leaves and globose clusters of flowers with crimson stamens and sweet-pulp seed pods eaten by cattle"
],
"zamang": [
"An immense leguminous tree (Pithecolobium Saman) of Venezuela. Its branches form a hemispherical mass, often one hundred and eighty feet across. The sweet pulpy pods are used commonly for feeding cattle. Also called rain tree"
],
"zambian": [
"a native or inhabitant of Zambia",
"of or pertaining to Zambia; as, Zambian cities",
"Of or pertaining to the inhabitants of Zambia; as, the Zambian President"
],
"zambo": [
"The child of a mulatto and a negro; also, the child of an Indian and a negro; colloquially or humorously, a negro; a sambo"
],
"zamia": [
"A genus of cycadaceous plants, having the appearance of low palms, but with exogenous wood.  See Coontie, and Illust. of Strobile"
],
"zamindar": [
"A landowner; also, a collector of land revenue; now, usually, a kind of feudatory recognized as an actual proprietor so long as he pays to the government a certain fixed revenue"
],
"zamindari": [
"___zamindary"
],
"zamindary": [
"The jurisdiction of a zamindar; the land possessed by a zamindar"
],
"zamite": [
"A fossil cycad of the genus Zamia"
],
"zamouse": [
"A West African buffalo (Bubalus brachyceros) having short horns depressed at the base, and large ears fringed internally with three rows of long hairs. It is destitute of a dewlap. Called also short-horned buffalo, and bush cow"
],
"zampogna": [
"A sort of bagpipe formerly in use among Italian peasants. It is now almost obsolete"
],
"zander": [
"A European pike perch (Stizostedion lucioperca) allied to the wall-eye; -- called also sandari, sander, sannat, schill, and zant"
],
"zandmole": [
"The sand mole"
],
"zante": [
"___zantewood"
],
"zante currant": [
"A kind of seedless grape or raisin; -- so called from Zante, one of the Ionian Islands"
],
"zantewood": [
"A yellow dyewood; fustet; -- called also zante, and zante fustic.  See Fustet, and the Note under Fustic"
],
"zantiot": [
"A native or inhabitant of Zante, one of the Ionian Islands"
],
"zany": [
"Comical in a clownish or buffoonish manner; whimsically comical",
"A merry-andrew; a buffoon",
"To mimic"
],
"zanyism": [
"State or character of a zany; buffoonery"
],
"zap": [
"to shoot, destroy, or inactivate; my TV set was zapped by lightning",
"to bomb with an atomic bomb",
"to cook or heat in a microwave oven",
"to subject to radiation, a laser beam, a strong electric current, or other potentially destructive treatment",
"to skip over (e. g. a commercial or dull interval in a television program) by using the fast-forward button on a VCR remove control",
"to add interest, color, or attractiveness to; to liven; -- usually used with up"
],
"zapas": [
"___army organization"
],
"zapatera": [
"A cured olive which has spoiled or is on the verge of decomposition; loosely, an olive defective because of bruises, wormholes, or the like"
],
"zaphara": [
"Zaffer"
],
"zaphrentis": [
"An extinct genus of cyathophylloid corals common in the Paleozoic formations. It is cup-shaped with numerous septa, and with a deep pit in one side of the cup"
],
"zapotilla": [
"___sapodilla"
],
"zaptiah": [
"A Turkish policeman"
],
"zarathuster": [
"The Persian name for Zoroaster"
],
"zarathustra": [
"___zarathuster"
],
"zarathustrian": [
"Of or pertaining to Zarathustra, or Zoroaster; Zoroastrian"
],
"zarathustric": [
"___zarathustrian"
],
"zarathustrism": [
"___zoroastrianism"
],
"zaratite": [
"A hydrous carbonate of nickel occurring as an emerald-green incrustation on chromite; -- called also emerald nickel"
],
"zareba": [
"An improvised stockade; especially, one made of thorn bushes, etc"
],
"zarf": [
"A metallic cuplike stand used for holding a finjan"
],
"zarnich": [
"Native sulphide of arsenic, including sandarach, or realgar, and orpiment"
],
"zastrugi": [
"Grooves or furrows formed in snow by the action of the wind, and running parallel with the direction of the wind. This formation results from the erosion of transverse waves previously formed"
],
"zati": [
"A species of macaque (Macacus pileatus) native of India and Ceylon. It has a crown of long erect hair, and tuft of radiating hairs on the back of the head. Called also capped macaque"
],
"zauschneria": [
"A genus of flowering plants.  Zauschneria Californica is a suffrutescent perennial, with showy red flowers much resembling those of the garden fuchsia"
],
"zax": [
"A tool for trimming and puncturing roofing slates"
],
"zayat": [
"A public shed, or portico, for travelers, worshipers, etc"
],
"zea": [
"A genus of large grasses of which the Indian corn (Zea Mays) is the only species known. Its origin is not yet ascertained.  See Maize"
],
"zeal": [
"Passionate ardor in the pursuit of anything; eagerness in favor of a person or cause; ardent and active interest; engagedness; enthusiasm; fervor",
"A zealot",
"To be zealous"
],
"zealant": [
"One who is zealous; a zealot; an enthusiast"
],
"zealed": [
"Full of zeal; characterized by zeal"
],
"zealful": [
"Full of zeal"
],
"zealless": [
"Wanting zeal"
],
"zealot": [
"One who is zealous; one who engages warmly in any cause, and pursues his object with earnestness and ardor; especially, one who is overzealous, or carried away by his zeal; one absorbed in devotion to anything; an enthusiast; a fanatical partisan"
],
"zealotical": [
"Like, or suitable to, a zealot; ardently zealous"
],
"zealotism": [
"The character or conduct of a zealot; zealotry"
],
"zealotist": [
"A zealot"
],
"zealotry": [
"The character and behavior of a zealot; excess of zeal; fanatical devotion to a cause"
],
"zealous": [
"Filled with, or characterized by, zeal; warmly engaged, or ardent, in behalf of an object",
"Filled with religious zeal"
],
"zebec": [
"___xebec"
],
"zebra": [
"Any member of three species of African wild horses remarkable for having the body white or yellowish white, and conspicuously marked with dark brown or brackish bands"
],
"zebra-tailed lizard": [
"A lizard having a long tail with black bands (Callisaurus draconoides), which lives in the deserts of the southwestern U. S. and Mexico; called also gridiron-tailed lizard"
],
"zebrawood": [
"A kind of cabinet wood having beautiful black, brown, and whitish stripes, the timber of a tropical American tree (Connarus Guianensis)"
],
"zebrine": [
"Pertaining to, or resembling, the zebra"
],
"zebrinny": [
"A cross between a male horse and a female zebra"
],
"zebrula": [
"A cross between a male zebra and a female horse"
],
"zebrule": [
"___zebrula"
],
"zebu": [
"A bovine mammal (Ros Indicus) extensively domesticated in India, China, the East Indies, and East Africa. It usually has short horns, large pendulous ears, slender legs, a large dewlap, and a large, prominent hump over the shoulders; but these characters vary in different domestic breeds, which range in size from that of the common ox to that of a large mastiff"
],
"zebub": [
"A large noxious fly of Abyssinia, which like the tsetse fly, is destructive to cattle"
],
"zechin": [
"___sequin"
],
"zechstein": [
"The upper division of the Permian (Dyas) of Europe. The prevailing rock is a magnesian limestone"
],
"zed": [
"The letter Z; -- called also zee, and formerly izzard"
],
"zedoary": [
"A medicinal substance obtained in the East Indies, having a fragrant smell, and a warm, bitter, aromatic taste. It is used in medicine as a stimulant"
],
"zeekoe": [
"A hippopotamus"
],
"zeeman effect": [
"The widening and duplication, triplication, etc., of spectral lines when the radiations emanate in a strong magnetic field, first observed in 1896 by P. Zeeman, a Dutch physicist, and regarded as an important confirmation of the electromagnetic theory of light"
],
"zehner": [
"An Austrian silver coin equal to ten kreutzers, or about five cents"
],
"zein": [
"A nitrogenous substance of the nature of gluten, obtained from the seeds of Indian corn (Zea) as a soft, yellowish, amorphous substance"
],
"zeitgeist": [
"The spirit of the time; the general intellectual and moral state or temper characteristic of any period of time"
],
"zemindar": [
"___zamindar"
],
"zemindari": [
"___zemindary"
],
"zemindary": [
"___zamindary"
],
"zemni": [
"The blind mole rat (Spalax typhlus), native of Eastern Europe and Asia. Its eyes and ears are rudimentary, and its fur is soft and brownish, more or less tinged with gray. It constructs extensive burrows"
],
"zemstvo": [
"In Russia, an elective local district and provincial administrative assembly. Originally it was composed of representatives elected by the peasantry, the householders of the towns, and the landed proprietors. In the reign of Alexander III. the power of the noble landowners was increased, the peasants allowed only to elect candidates from whom the governor of the province nominated the deputy, and all acts of the zemstvo subjected to the approval of the governor. Theoretically the zemstvo has large powers relating to taxation, education, public health, etc., but practically these powers are in most cases limited to the adjustment of the state taxation"
],
"zenana": [
"The part of a dwelling appropriated to women"
],
"zend": [
"Properly, the translation and exposition in the Huzvâresh, or literary Pehlevi, language, of the Avesta, the Zoroastrian sacred writings; as commonly used, the language (an ancient Persian dialect) in which the Avesta is written"
],
"zend-avesta": [
"The sacred writings of the ancient Persian religion, attributed to Zoroaster, but chiefly of a later date"
],
"zendik": [
"An atheist or unbeliever; -- name given in the East to those charged with disbelief of any revealed religion, or accused of magical heresies"
],
"zenick": [
"A South African burrowing mammal (Suricata tetradactyla), allied to the civets. It is grayish brown, with yellowish transverse stripes on the back. Called also suricat"
],
"zenik": [
"___zenick"
],
"zenith": [
"That point in the visible celestial hemisphere which is vertical to the spectator; the point of the heavens directly overhead; -- opposed to nadir",
"hence, figuratively, the point of culmination; the greatest height; the height of success or prosperity"
],
"zenithal": [
"Of or pertaining to the zenith"
],
"zeolite": [
"A term now used to designate any one of a family of minerals, hydrous silicates of alumina, with lime, soda, potash, or rarely baryta. Here are included natrolite, stilbite, analcime, chabazite, thomsonite, heulandite, and others. These species occur of secondary origin in the cavities of amygdaloid, basalt, and lava, also, less frequently, in granite and gneiss. So called because many of these species intumesce before the blowpipe"
],
"zeolitic": [
"Of or pertaining to a zeolite; consisting of, or resembling, a zeolite"
],
"zeolitiform": [
"Having the form of a zeolite"
],
"zephyr": [
"The west wind; poetically, any soft, gentle breeze"
],
"zephyrus": [
"The west wind, or zephyr; -- usually personified, and made the most mild and gentle of all the sylvan deities"
],
"zeppelin": [
"A dirigible balloon of the rigid type, consisting of a cylindrical trussed and covered frame supported by internal gas cells, and provided with means of propulsion and  control. It was first successfully used by Ferdinand Count von Zeppelin"
],
"zequin": [
"___sequin"
],
"zerda": [
"The fennec"
],
"zeriba": [
"___zareba"
],
"zero": [
"A cipher; nothing; naught",
"The point from which the graduation of a scale, as of a thermometer, commences",
"Fig.: The lowest point; the point of exhaustion; as, his patience had nearly reached zero"
],
"zest": [
"A piece of orange or lemon peel, or the aromatic oil which may be squeezed from such peel, used to give flavor to liquor, etc",
"Hence, something that gives or enhances a pleasant taste, or the taste itself; an appetizer; also, keen enjoyment; relish; gusto",
"The woody, thick skin inclosing the kernel of a walnut",
"To cut into thin slips, as the peel of an orange, lemon, etc.; to squeeze, as peel, over the surface of anything",
"To give a relish or flavor to; to heighten the taste or relish of; as, to zest wine"
],
"zestful": [
"Marked by spirited enjoyment"
],
"zesty": [
"Having a pleasantly stimulating flavor.  Opposite of bland",
"marked by spirited enjoyment"
],
"zeta": [
"A Greek letter [ζ] corresponding to our z"
],
"zetetic": [
"Seeking; proceeding by inquiry",
"A seeker; -- a name adopted by some of the Pyrrhonists"
],
"zetetics": [
"A branch of algebra which relates to the direct search for unknown quantities"
],
"zeuglodon": [
"A genus of extinct Eocene whales, remains of which have been found in the Gulf States. The species had very long and slender bodies and broad serrated teeth.  See Phocodontia"
],
"zeuglodont": [
"Any species of Zeuglodonta"
],
"zeuglodonta": [
"___phocodontia"
],
"zeugma": [
"A figure by which an adjective or verb, which agrees with a nearer word, is, by way of supplement, referred also to another more remote; as, “hic illius arma, hic currus fuit;” where fuit, which agrees directly with currus, is referred also to arma"
],
"zeugmatic": [
"Of or pertaining to zeugma; characterized by zeugma"
],
"zeugobranchiata": [
"___zygobranchia"
],
"zeus": [
"The chief deity of the Greeks, and ruler of the upper world (cf. Hades). He was identified with Jupiter"
],
"zeuzerian": [
"Any one of a group of bombycid moths of which the genus Zeuzera is the type. Some of these moths are of large size. The goat moth is an example"
],
"zeylanite": [
"___ceylanite"
],
"zibet": [
"A carnivorous mammal (Viverra zibetha) closely allied to the civet, from which it differs in having the spots on the body less distinct, the throat whiter, and the black rings on the tail more numerous"
],
"zibeth": [
"___zibet"
],
"ziega": [
"Curd produced from milk by adding acetic acid, after rennet has ceased to cause coagulation"
],
"zietrisikite": [
"A mineral wax, vert similar to ozocerite. It is found at Zietrisika, Moldavia, whence its name"
],
"zif": [
"The second month of the Jewish ecclesiastical year, corresponding to our May"
],
"zigger": [
"___sicker"
],
"ziggurat": [
"A temple tower of the Babylonians or Assyrians, consisting of a lofty pyramidal structure, built in successive stages, with outside staircases, and a shrine at the top; -- called also zikkurat"
],
"zighyr": [
"___zigger"
],
"zigzag": [
"Something that has short turns or angles",
"A molding running in a zigzag line; a chevron, or series of chevrons.  See Illust. of Chevron, 3",
"___boyau",
"Having short, sharp turns; running this way and that in an onward course",
"To form with short turns",
"To move in a zigzag manner; also, to have a zigzag shape"
],
"zigzaggery": [
"The quality or state of being zigzag; crookedness"
],
"zigzaggy": [
"Having sharp turns"
],
"zikkurat": [
"A temple tower of the Babylonians or Assyrians, consisting of a lofty pyramidal structure, built in successive stages, with outside staircases, and a shrine at the top; -- called also ziggurat"
],
"zilla": [
"A low, thorny, suffrutescent, crucifeous plant (Zilla myagroides) found in the deserts of Egypt. Its leaves are boiled in water, and eaten, by the Arabs"
],
"zillah": [
"A district or local division, as of a province"
],
"zimb": [
"A large, venomous, two-winged fly, native of Abyssinia. It is allied to the tsetse fly, and, like the latter, is destructive to cattle"
],
"ziment-water": [
"A kind of water found in copper mines; water impregnated with copper"
],
"zimocca": [
"A sponge (Euspongia zimocca) of flat form and fine quality, from the Adriatic, about the Greek islands, and the coast of Barbary"
],
"zinc": [
"An abundant element of the magnesium-cadmium group, extracted principally from the minerals zinc blende, smithsonite, calamine, and franklinite, as an easily fusible bluish white metal, which is malleable, especially when heated. It is not easily oxidized in moist air, and hence is used for sheeting, coating galvanized iron, etc. It is used in making brass, britannia, and other alloys, and is also largely consumed in electric batteries. Symbol Zn. Atomic number 30. Atomic weight 65.38",
"To coat with zinc; to galvanize"
],
"zincane": [
"Zinc chloride"
],
"zincic": [
"Pertaining to, containing, or resembling, zinc; zincous"
],
"zincide": [
"A binary compound of zinc"
],
"zinciferous": [
"Containing or affording zinc"
],
"zincification": [
"The act or process of applying zinc; the condition of being zincified, or covered with zinc; galvanization"
],
"zincify": [
"To coat or impregnate with zinc"
],
"zincing": [
"___zincking"
],
"zincite": [
"Native zinc oxide; a brittle, translucent mineral, of an orange-red color; -- called also red zinc ore, and red oxide of zinc"
],
"zincking": [
"The act or process of applying zinc; galvanization"
],
"zincky": [
"Pertaining to zinc, or having its appearance"
],
"zinco-": [
"A combining form from zinc; in chemistry, designating zinc as an element of certain double compounds. Also used adjectively"
],
"zinco-polar": [
"Electrically polarized like the surface of the zinc presented to the acid in a battery, which has zincous affinity"
],
"zincode": [
"The positive electrode of an electrolytic cell; anode"
],
"zincograph": [
"A zinc plate prepared for printing by zincography; also, a print from such a plate"
],
"zincographer": [
"An engraver on zinc"
],
"zincography": [
"The art or process of engraving or etching on zinc, in which the design is left in relief in the style of a wood cut, the rest of the ground being eaten away by acid"
],
"zincoid": [
"Pertaining to, or resembling, zinc; -- said of the electricity of the zincous plate in connection with a copper plate in a voltaic circle; also, designating the positive pole"
],
"zincongraphic": [
"Of or pertaining to zincography; as, zincographic processes"
],
"zincongraphical": [
"___zincongraphic"
],
"zincous": [
"Of, pertaining to, or containing, zinc; zincic; as, zincous salts",
"Of or pertaining to the positive pole of a galvanic battery; electro-positive"
],
"zine": [
"A publication similar to a magazine{4} but in electronic rather than printed form, maintained as data files on a computer and accessible via the world wide web; sometimes called e-zine (“e” standing for electronic, as in e-mail"
],
"zingaro": [
"A gypsy"
],
"zingel": [
"A small, edible, freshwater European perch (Aspro zingel), having a round, elongated body and prominent snout"
],
"zingiberaceous": [
"Of or pertaining to ginger, or to a tribe (Zingibereae) of endogenous plants of the order Scitamineae.  See Scitamineous"
],
"zink": [
"___zinc"
],
"zinkenite": [
"A steel-gray metallic mineral, a sulphide of antimony and lead"
],
"zinky": [
"___zincky"
],
"zinnia": [
"Any plant of the composite genus Zinnia, Mexican herbs with opposite leaves and large gay-colored blossoms. Zinnia elegans is the commonest species in cultivation"
],
"zinnwaldite": [
"A kind of mica containing lithium, often associated with tin ore"
],
"zinsang": [
"The delundung"
],
"zinziberaceous": [
"___zingiberaceous"
],
"zion": [
"A hill in Jerusalem, which, after the capture of that city by the Israelites, became the royal residence of David and his successors",
"Hence, the theocracy, or church of God",
"The heavenly Jerusalem; heaven"
],
"zionism": [
"Among the Jews, a theory, plan, or movement for colonizing their own race in Palestine, the land of Zion, or, if that is impracticable, elsewhere, either for religious or nationalizing purposes; -- called also Zion movement"
],
"zip": [
"A hissing or sibilant sound such as that made by a flying bullet",
"a quantity of no importance",
"a device for locking together two toothed edges by means of a sliding tab",
"To make, or move with, a sound like a zip{1}"
],
"zip + 4": [
"a full nine-digit zip code.  See zip code"
],
"zip code": [
"Any one of a set of numbers assigned by the United States Postal Service to designate a particular postal delivery area.  One or more zip codes are assigned to each post office.  The numbers initially had five digits (the initial code), indicating state and post office.  Later, four more optional digits were added (the expanded code) indicating the box number or delivery route.  The full set of nine digits is also referred to as zip + 4.  The code is appended in an address to the line bearing the city and state names, as in “Plainfield, NJ 07062”"
],
"zip-code": [
"to affix a zip code to (an address or a letter)"
],
"zip-fastener": [
"a device for locking together two toothed edges by means of a sliding tab"
],
"ziphiidae": [
"A natural family of cetaceans comprising the beaked whales; in some esp. former classifications included in the family Physeteridae"
],
"ziphioid": [
"___xiphioid"
],
"zipper": [
"a device for locking together two toothed edges by means of a sliding tab"
],
"zippy": [
"quick and energetic",
"full of life and energy"
],
"zirbanit": [
"The consort of Marduk"
],
"zirco-": [
"A combining form (also used adjectively) designating zirconium as an element of certain double compounds; zircono-; as in zircofluoric acid, sodium zircofluoride"
],
"zircofluoride": [
"A double fluoride of zirconium and hydrogen, or some other positive element or radical; as, zircofluoride of sodium"
],
"zircon": [
"A mineral consisting predominantly of zirconium silicate (Zr2SiO4) occurring in tetragonal crystals, usually of a brown or gray color. It consists of silica and zirconia.  A red variety, used as a gem, is called hyacinth. Colorless, pale-yellow or smoky-brown varieties from Ceylon are called jargon",
"an imitation gemstone made of cubic zirconia"
],
"zircon light": [
"A light, similar to the calcium light, produced by incandescent zirconia"
],
"zircona": [
"Zirconia"
],
"zirconate": [
"A salt of zirconic acid"
],
"zirconia": [
"The oxide of zirconium (ZrO2), obtained as a white powder, and possessing both acid and basic properties.  On account of its infusibility, and brilliant luminosity when incandescent, it is used as an ingredient of sticks for the Drummomd light"
],
"zirconic": [
"Pertaining to, containing, or resembling, zirconium; as, zirconic oxide; zirconic compounds"
],
"zirconium": [
"A rare element of the carbon-silicon group, intermediate between the metals and nonmetals, obtained from the mineral zircon as a dark sooty powder, or as a gray metallic crystalline substance. Symbol Zr. Atomic weight, 90.4"
],
"zircono": [
"___zirco-"
],
"zirconoid": [
"A double eight-sided pyramid, a form common with tetragonal crystals; -- so called because this form often occurs in crystals of zircon"
],
"zit": [
"a pimple"
],
"zither": [
"An instrument of music used in Austria and Germany. It has from thirty to forty wires strung across a shallow sounding-board, which lies horizontally on a table before the performer, who uses both hands in playing on it. [Not to be confounded with the old lute-shaped cittern, or cithern.]"
],
"ziti": [
"A tubular pasta in short pieces"
],
"zittern": [
"___cittern"
],
"zizania": [
"A genus of grasses including Indian rice.  See Indian rice, under Rice"
],
"zizel": [
"The suslik"
],
"zizith": [
"The tassels of twisted cords or threads on the corners of the upper garment worn by strict Jews. The Hebrew for this word is translated in both the Authorized and Revised Versions (Deut. xxii. 12) by the word “fringes.”"
],
"zoanthacea": [
"A suborder of Actinaria, including Zoanthus and allied genera, which are permanently attached by their bases"
],
"zoantharia": [
"___anthozoa"
],
"zoantharian": [
"Of or pertaining to the Zoantharia"
],
"zoanthodeme": [
"The zooids of a compound anthozoan, collectively"
],
"zoanthoid": [
"Of or pertaining to the Zoanthacea"
],
"zoanthropy": [
"A kind of monomania in which the patient believes himself transformed into one of the lower animals"
],
"zoanthus": [
"A genus of Actinaria, including numerous species, found mostly in tropical seas. The zooids or polyps resemble small, elongated actinias united together at their bases by fleshy stolons, and thus forming extensive groups. The tentacles are small and bright colored"
],
"zobo": [
"A kind of domestic cattle reared in Asia for its flesh and milk. It is supposed to be a hybrid between the zebu and the yak"
],
"zocco": [
"___socle"
],
"zoccolo": [
"___zocco"
],
"zocle": [
"___socle"
],
"zocor": [
"a trade name for simvastatin"
],
"zodiac": [
"An imaginary belt in the heavens, 16° or 18° broad, in the middle of which is the ecliptic, or sun's path. It comprises the twelve constellations, which one constituted, and from which were named, the twelve signs of the zodiac",
"A girdle; a belt"
],
"zodiacal": [
"Of or pertaining to the zodiac; situated within the zodiac; as, the zodiacal planets"
],
"zoea": [
"A peculiar larval stage of certain decapod Crustacea, especially of crabs and certain Anomura"
],
"zoellner's lines": [
"Parallel lines that are made to appear convergent or divergent by means of oblique intersections"
],
"zoetrope": [
"An optical toy, in which figures made to revolve on the inside of a cylinder, and viewed through slits in its circumference, appear like a single figure passing through a series of natural motions as if animated or mechanically moved"
],
"zohar": [
"A Jewish cabalistic book attributed by tradition to Rabbi Simon ben Yochi, who lived about the end of the 1st century, a. d.  Modern critics believe it to be a compilation of the 13th century"
],
"zoic": [
"Of or pertaining to animals, or animal life"
],
"zoide": [
"___meride"
],
"zoilean": [
"Having the characteristic of Zoilus, a bitter, envious, unjust critic, who lived about 270 years before Christ"
],
"zoilism": [
"Resemblance to Zoilus in style or manner; carping criticism; detraction"
],
"zoisite": [
"A grayish or whitish mineral occurring in orthorhombic, prismatic crystals, also in columnar masses. It is a silicate of alumina and lime, and is allied to epidote"
],
"zoism": [
"Reverence for animal life or belief in animal powers and influences, as among savages",
"A doctrine, now discarded, that the phenomena of life are due to a peculiar vital principle; the theory of vital force"
],
"zokor": [
"An Asiatic burrowing rodent (Siphneus aspalax) resembling the mole rat. It is native of the Altai Mountains"
],
"zolaesque": [
"In the style of Zola (see Zolaism)"
],
"zolaism": [
"The literary theories and practices of the French novelist Emile Zola (1840-1902); naturalism, esp. in a derogatory sense"
],
"zollverein": [
"Literally, a customs union; specifically, applied to the several customs unions successively formed under the leadership of Prussia among certain German states for establishing liberty of commerce among themselves and common tariff on imports, exports, and transit"
],
"zomboruk": [
"___zumbooruk"
],
"zona": [
"A zone or band; a layer"
],
"zonal": [
"Of or pertaining to a zone; having the form of a zone or zones"
],
"zonar": [
"A belt or girdle which the Christians and Jews of the Levant were obliged to wear to distinguish them from Mohammedans"
],
"zonaria": [
"A division of Mammalia in which the placenta is zonelike"
],
"zonate": [
"Divided by parallel planes; as, zonate tetraspores, found in certain red algae"
],
"zone": [
"A girdle; a cincture",
"One of the five great divisions of the earth, with respect to latitude and temperature",
"The portion of the surface of a sphere included between two parallel planes; the portion of a surface of revolution included between two planes perpendicular to the axis",
"A band or stripe extending around a body",
"A series of planes having mutually parallel intersections",
"Circuit; circumference",
"An area or part of a region characterized by uniform or similar animal and plant life; a life zone; as, Littoral zone, Austral zone, etc",
"A series of faces whose intersection lines with each other are parallel",
"The aggregate of stations, in whatsoever direction or on whatsoever line of railroad, situated between certain maximum and minimum limits from a point at which a shipment of traffic originates",
"any area to or within which a shipment or transportation cost is constant",
"To girdle; to encircle"
],
"zoned": [
"Wearing a zone, or girdle",
"Having zones, or concentric bands; striped",
"Zonate"
],
"zoneless": [
"Not having a zone; ungirded"
],
"zonnar": [
"___zonar"
],
"zonular": [
"Of or pertaining to a zone; zone-shaped"
],
"zonule": [
"A little zone, or girdle"
],
"zonulet": [
"A zonule"
],
"zonure": [
"Any one of several of South African lizards of the genus Zonura, common in rocky situations"
],
"zoo-": [
"A combining form from Gr. zww^,n an animal, as in zoogenic, zoology, etc"
],
"zoochemical": [
"Pertaining to zoochemistry"
],
"zoochemistry": [
"Animal chemistry; particularly, the description of the chemical compounds entering into the composition of the animal body, in distinction from biochemistry"
],
"zoochemy": [
"Animal chemistry; zoochemistry"
],
"zoochlorella": [
"One of the small green granulelike bodies found in the interior of certain stentors, hydras, and other invertebrates"
],
"zoocyst": [
"A cyst formed by certain Protozoa and unicellular plants which the contents divide into a large number of granules, each of which becomes a germ"
],
"zoocytium": [
"The common support, often branched, of certain species of social Infusoria"
],
"zoodendrium": [
"The branched, and often treelike, support of the colonies of certain Infusoria"
],
"zooecium": [
"One of the cells or tubes which inclose the feeling zooids of Bryozoa.  See Illust. of Sea Moss"
],
"zooerythrine": [
"A peculiar organic red coloring matter found in the feathers of various birds"
],
"zoogamous": [
"Of or pertaining zoogamy"
],
"zoogamy": [
"The sexual reproduction of animals"
],
"zoogenic": [
"Of or pertaining to zoogeny, animal production"
],
"zoogeny": [
"The doctrine of the formation of living beings"
],
"zoogeographical": [
"Of or pertaining to zoography"
],
"zoogeography": [
"The study or description of the geographical distribution of animals"
],
"zoogloea": [
"A colony or mass of bacteria imbedded in a viscous gelatinous substance. The zoogloea is characteristic of a transitory stage through which rapidly multiplying bacteria pass in the course of their evolution. Also used adjectively"
],
"zoogony": [
"___zoogeny"
],
"zoographer": [
"One who describes animals, their forms and habits"
],
"zoographic": [
"Of or pertaining to the description of animals"
],
"zoographical": [
"___zoographic"
],
"zoographist": [
"A zoographer"
],
"zoography": [
"A description of animals, their forms and habits"
],
"zooid": [
"Pertaining to, or resembling, an animal",
"An organic body or cell having locomotion, as a spermatic cell or spermatozooid",
"An animal in one of its inferior stages of development, as one of the intermediate forms in alternate generation"
],
"zooidal": [
"Of or pertaining to a zooid; as, a zooidal form"
],
"zoolatry": [
"The worship of animals"
],
"zoologer": [
"A Zoologist"
],
"zoological": [
"Of or pertaining to Zoology, or the science of animals"
],
"zoologically": [
"In a Zoological manner; according to the principles of Zoology"
],
"zoologist": [
"One who is well versed in Zoology"
],
"zoologize": [
"To study Zoology; esp., to collect animals for study"
],
"zoology": [
"That part of biology which relates to the animal kingdom, including the structure, embryology, evolution, classification, habits, and distribution of all animals, both living and extinct",
"A treatise on this science"
],
"zoomelanin": [
"A pigment giving the black color to the feathers of many birds"
],
"zoomorphic": [
"Of or pertaining to zoomorphism"
],
"zoomorphism": [
"The transformation of men into beasts",
"The quality of representing or using animal forms; as, zoomorphism in ornament",
"The representation of God, or of gods, in the form, or with the attributes, of the lower animals"
],
"zoon": [
"An animal which is the sole product of a single egg; -- opposed to zooid"
],
"zoonic": [
"Of or pertaining to animals; obtained from animal substances"
],
"zoonite": [
"One of the segments of the body of an articulate animal"
],
"zoonomy": [
"The laws of animal life, or the science which treats of the phenomena of animal life, their causes and relations"
],
"zoonule": [
"___zoonite"
],
"zoopathology": [
"Animal pathology"
],
"zoophaga": [
"An artificial group comprising various carnivorous and insectivorous animals"
],
"zoophagan": [
"A animal that feeds on animal food"
],
"zoophagous": [
"Feeding on animals"
],
"zoophilist": [
"A lover of animals"
],
"zoophily": [
"Love of animals"
],
"zoophite": [
"A zoophyte"
],
"zoophoric": [
"Bearing or supporting the figure of an animal; as, a zoophoric column"
],
"zoophorous": [
"The part between the architrave and cornice; the frieze; -- so called from the figures of animals carved upon it"
],
"zoophyta": [
"An extensive artificial and heterogeneous group of animals, formerly adopted by many Zoologists. It included the cœlenterates, echinoderms, sponges, Bryozoa, Protozoa, etc"
],
"zoophyte": [
"Any one of numerous species of invertebrate animals which more or less resemble plants in appearance, or mode of growth, as the corals, gorgonians, sea anemones, hydroids, bryozoans, sponges, etc., especially any of those that form compound colonies having a branched or treelike form, as many corals and hydroids"
],
"zoophytic": [
"Of or pertaining to zoophytes"
],
"zoophytical": [
"___zoophytic"
],
"zoophytoid": [
"Pertaining to, or resembling, a zoophyte"
],
"zoophytological": [
"Of or pertaining to zoophytology; as, zoophytological observations"
],
"zoophytology": [
"The natural history zoophytes"
],
"zoopraxiscope": [
"An instrument similar to, or the same as, the, the phenakistoscope, by means of which pictures projected upon a screen are made to exhibit the natural movements of animals, and the like"
],
"zoopsychology": [
"Animal psychology"
],
"zoosperm": [
"One of the spermatic particles; spermatozoid"
],
"zoosporangium": [
"A spore, or conceptacle containing zoospores"
],
"zoospore": [
"A spore provided with one or more slender cilia, by the vibration of which it swims in the water. Zoospores are produced by many green, and by some olive-brown, algae. In certain species they are divided into the larger macrozoospores and the smaller microzoospores. Called also sporozoid, and swarmspore",
"___swarmspore"
],
"zoosporic": [
"Of or pertaining to zoospores; of the nature of zoospores"
],
"zootic": [
"Containing the remains of organized bodies; -- said of rock or soil"
],
"zootomical": [
"Of or pertaining to zootomy"
],
"zootomist": [
"One who dissects animals, or is skilled in zootomy"
],
"zootomy": [
"The dissection or the anatomy of animals; -- distinguished from androtomy"
],
"zootrophic": [
"Of or pertaining to the nourishment of animals"
],
"zoozoo": [
"The wood pigeon"
],
"zope": [
"A European fresh-water bream (Abramis ballerus)"
],
"zopilote": [
"The urubu, or American black vulture"
],
"zoril": [
"___zorilla"
],
"zorilla": [
"Either one of two species of small African carnivores of the genus Ictonyx allied to the weasels and skunks"
],
"zoroaster": [
"The persian prophet Zarathustra, who probably lived in the second millenium B. C.  His treachings form the basis for the religion Zoroastrianism"
],
"zoroastrian": [
"Of or pertaining to Zoroaster, or his religious system",
"A follower of Zoroaster; one who accepts Zoroastrianism"
],
"zoroastrianism": [
"The religious system of Zoroaster, the legislator and prophet of the ancient Persians, which was the national faith of Persia; mazdeism. The system presupposes a good spirit (Ormuzd) and an opposing evil spirit (Ahriman).  Cf. Fire worship, under Fire, and Parsee"
],
"zoroastrism": [
"___zoroastrianism"
],
"zoster": [
"Shingles"
],
"zostera": [
"A genus of plants of the Naiadaceae, or Pondweed family. Zostera marina is commonly known as sea wrack, and eelgrass"
],
"zosterops": [
"A genus of birds that comprises the white-eyes.  See White-eye"
],
"zouave": [
"One of an active and hardy body of soldiers in the French service, originally Arabs, but now composed of Frenchmen who wear the Arab dress"
],
"zounds": [
"An exclamation formerly used as an oath, and an expression of anger or wonder"
],
"zoutch": [
"To stew, as flounders, eels, etc., with just enough or liquid to cover them"
],
"zubr": [
"The aurochs"
],
"zuche": [
"A stump of a tree"
],
"zuchetto": [
"A skullcap covering the tonsure, worn under the berretta. The pope's is white; a cardinal's red; a bishop's purple; a priest's black"
],
"zufolo": [
"A little flute or flageolet, especially that which is used to teach birds"
],
"zuisin": [
"The American widgeon"
],
"zulu": [
"Any member of the tribe of Zulus; a Zulu-Kaffir. See Zulus",
"One of the most important members of the South African, or Bantu, family of languages, spoken partly in Natal and partly in Zululand, but understood, and more or less in use, over a wide territory, at least as far north as the Zambezi; -- called also Zulu-Kaffir",
"A word used in spoken communications to represent the letter Z"
],
"zulu-kaffir": [
"A member of the Bantu race comprising the Zulus and the Kaffirs"
],
"zulus": [
"The most important tribe belonging to the Kaffir race.  They inhabit a region on the southeast coast of Africa, but formerly occupied a much more extensive country.  They are noted for their warlike disposition, courage, and military skill"
],
"zumbooruk": [
"A small cannon supported by a swiveled rest on the back of a camel, whence it is fired, -- used in the East"
],
"zumic": [
"___zymic"
],
"zumological": [
"___zumic"
],
"zumology": [
"___zumic"
],
"zumometer": [
"___zumic"
],
"zuni": [
"___zunis"
],
"zunian": [
"Of or pertaining to the Zuñis, or designating their linguistic stock"
],
"zunis": [
"A tribe of Pueblo Indians occupying a village in New Mexico, on the Zuñi River"
],
"zunyite": [
"A fluosilicate of alumina occurring in tetrahedral crystals at the Zuñi mine in Colorado"
],
"zwanziger": [
"An Austrian silver coin equivalent to 20 kreutzers, or about 10 cents"
],
"zwieback": [
"A kind of biscuit or rusk first baked in a loaf and afterwards cut and toasted"
],
"zwinglian": [
"Of or pertaining to Ulric Zwingli (1481-1531), the reformer of German Switzerland, who maintained that in the Lord's Supper the true body of Christ is present by the contemplation of faith but not in essence or reality, and that the sacrament is a memorial without mystical elements"
],
"zygantrum": [
"___zygosphene"
],
"zygapophysis": [
"One of the articular processes of a vertebra, of which there are usually four, two anterior and two posterior.  See under Vertebra"
],
"zygenid": [
"Any one of numerous species of moths of the family Zygaenidae, most of which are bright colored. The wood nymph and the vine forester are examples. Also used adjectively"
],
"zygobranchia": [
"A division of marine gastropods in which the gills are developed on both sides of the body and the renal organs are also paired. The abalone (Haliotis) and the keyhole limpet (Fissurella) are examples"
],
"zygobranchiate": [
"Of or pertaining to the Zygobranchia"
],
"zygodactyl": [
"Any zygodactylous bird"
],
"zygodactylae": [
"The zygodactylous birds. In a restricted sense applied to a division of birds which includes the barbets, toucans, honey guides, and other related birds"
],
"zygodactyle": [
"___zygodactyl"
],
"zygodactyli": [
"___scansores"
],
"zygodactylic": [
"Yoke-footed; having the toes disposed in pairs; -- applied to birds which have two toes before and two behind, as the parrot, cuckoo, woodpecker, etc"
],
"zygodactylous": [
"___zygodactylic"
],
"zygoma": [
"The jugal, malar, or cheek bone"
],
"zygomatic": [
"Of, pertaining to, or in the region of, the zygoma"
],
"zygomorphic": [
"Symmetrical bilaterally; -- said of organisms, or parts of organisms, capable of division into two symmetrical halves only in a single plane"
],
"zygomorphous": [
"___zygomorphic"
],
"zygophyllaceae": [
"A natural family of small trees, shrubs, and herbs of warm arid and saline regions; it is often resinous, and some are poisonous.  It contains the genera Zygophyllum; Tribulus; Guaiacum; and Larrea"
],
"zygophyllum": [
"A genus of usually tropical herbs or shrubs having ill-smelling foliage and flower buds that are used as capers: bean capers"
],
"zygophyte": [
"Any plant of a proposed class or grand division (Zygophytes, Zygophyta, or Zygosporeae), in which reproduction consists in the union of two similar cells.  Cf. Oophyte"
],
"zygoptera": [
"A suborder consisting of the damselflies"
],
"zygosis": [
"The process of the merging of two gametes.  Same as Conjugation"
],
"zygosity": [
"The property of being either homogeneous or heterogeneous with respect to the allelic genes determining some hereditary trait in a diploid or polyploid organism; if homogeneous, the organism is homozygous; if heterogeneous, it is heterozygous"
],
"zygosperm": [
"A spore formed by the union of the contents of two similar cells, either of the same or of distinct individual plants. Zygosperms are found in certain orders of algae and fungi"
],
"zygosphene": [
"A median process on the front part of the neural arch of the vertebrae of most snakes and some lizards, which fits into a fossa, called the zygantrum, on the back part of the arch in front"
],
"zygospore": [
"___zygosperm"
],
"zygote": [
"The cell resulting from the union of an ovum and a spermatozoon, or (broadly) the developing new organism arising from such a cell"
],
"zygotene": [
"the second stage of the prophase of meiosis"
],
"zygotic": [
"of or pertaining to a zygote"
],
"zylonite": [
"Celluloid"
],
"zymase": [
"A soluble ferment, or enzyme.  See Enzyme"
],
"zyme": [
"A ferment",
"The morbific principle of a zymotic disease"
],
"zymic": [
"Pertaining to, or produced by, fermentation; -- formerly, by confusion, used to designate lactic acid"
],
"zymogen": [
"A mother substance, or antecedent, of an enzyme or chemical ferment; -- applied to such substances as, not being themselves actual ferments, may by internal changes give rise to a ferment"
],
"zymogene": [
"One of a physiological group of globular bacteria which produces fermentations of diverse nature; -- distinguished from pathogene"
],
"zymogenic": [
"Pertaining to, or formed by, a zymogene"
],
"zymologic": [
"Of or pertaining to zymology"
],
"zymological": [
"___zymologic"
],
"zymologist": [
"One who is skilled in zymology, or in the fermentation of liquors"
],
"zymology": [
"A treatise on the fermentation of liquors, or the doctrine of fermentation"
],
"zymolysis": [
"The action of enzymes, such as digestion or fermentation; also, the changes produced by such action"
],
"zymome": [
"A glutinous substance, insoluble in alcohol, resembling legumin; -- now called vegetable fibrin, vegetable albumin, or gluten casein"
],
"zymometer": [
"An instrument for ascertaining the degree of fermentation occasioned by the mixture of different liquids, and the degree of heat which they acquire in fermentation"
],
"zymophyte": [
"A bacteroid ferment"
],
"zymoscope": [
"An apparatus for determining the fermenting power of yeast by measuring the amount of carbonic acid evolved from a given quantity of sugar"
],
"zymose": [
"Invertin"
],
"zymosimeter": [
"___zymometer"
],
"zymosis": [
"A fermentation; hence, an analogous process by which an infectious disease is believed to be developed"
],
"zymotic": [
"Of, pertaining to, or caused by, fermentation",
"Designating, or pertaining to, a certain class of diseases.  See Zymotic disease, below"
],
"zythem": [
"___zythum"
],
"zythepsary": [
"A brewery"
],
"zythum": [
"A kind of ancient malt beverage; a liquor made from malt and wheat"
]
}