{
"&verbar;apophasis": [
"A figure by which a speaker formally declines to take notice of a favorable point, but in such a manner as to produce the effect desired. [For example, see Mark Antony's oration. Shak., Julius Cæsar, iii. 2.]"
],
". . .": [
"A sum or stock of words employed"
],
"'em": [
"An obsolete or colloquial contraction of the old form hem, them"
],
"'gainst": [
"A contraction of Against"
],
"'mongst": [
"___amongst"
],
"'neath": [
"An abbreviation of Beneath"
],
"'s": [
"A contraction for is or (colloquially) for has"
],
"'sblood": [
"An abbreviation of God's blood; -- used as an oath"
],
"'sdeath": [
"An exclamation expressive of impatience or anger"
],
"'snails": [
"God's nails, or His nails, that is, the nails with which the Savior was fastened to the cross; -- an ancient form of oath, corresponding to 'Od's bodikins (dim. of body, i.e., God's dear body)"
],
"'swounds": [
"An exclamation contracted from God's wounds; -- used as an oath"
],
"'t is": [
"A common contraction of it is"
],
"'t was": [
"A contraction of it was"
],
"'twixt": [
"An abbreviation of Betwixt, used in poetry, or in colloquial language"
],
"'twixt-brain": [
"The thalamencephalon"
],
"-able": [
"An adjective suffix now usually in a passive sense; able to be; fit to be; expressing capacity or worthiness in a passive sense; as, movable, able to be moved; amendable, able to be amended; blamable, fit to be blamed; salable"
],
"-ably": [
"A suffix composed of -able and the adverbial suffix -ly; as, favorably"
],
"-ana": [
"A suffix to names of persons or places, used to denote a collection of notable sayings, literary gossip, anecdotes, etc. Thus, Scaligerana is a book containing the sayings of Scaliger, Johnsoniana of Johnson, etc"
],
"-ance": [
"A suffix signifying action; also, quality or state; as, assistance, resistance, appearance, elegance. See -ancy"
],
"-ancy": [
"A suffix expressing more strongly than -ance the idea of quality or state; as, constancy, buoyancy, infancy"
],
"-ant": [
"A suffix sometimes marking the agent for action; as, merchant, covenant, servant, pleasant, etc. Cf. -ent"
],
"-arch": [
"A suffix meaning a ruler, as in monarch (a sole ruler)"
],
"-ard": [
"The termination of many English words; as, coward, reynard, drunkard, mostly from the French, in which language this ending is of German origin, being orig. the same word as English hard. It usually has the sense of one who has to a high or excessive degree the quality expressed by the root; as, braggart, sluggard"
],
"-ate": [
"As an ending of participles or participial adjectives it is equivalent to -ed; as, situate or situated; animate or animated",
"As the ending of a verb, it means to make, to cause, to act, etc.; as, to propitiate (to make propitious); to animate (to give life to)",
"As a noun suffix, it marks the agent; as, curate, delegate. It also sometimes marks the office or dignity; as, tribunate",
"In chemistry it is used to denote the salts formed from those acids whose names end -ic (excepting binary or halogen acids); as, sulphate from sulphuric acid, nitrate from nitric acid, etc.  It is also used in the case of certain basic salts"
],
"-ation": [
"A suffix forming nouns of action, and often equivalent to the verbal substantive in -ing. It sometimes has the further meanings of state, and that which results from the action. Many of these nouns have verbs in -ate; as, alliterate -ation, narrate -ation; many are derived through the French; as, alteration, visitation; and many are formed on verbs ending in the Greek formative -ize (Fr. -ise); as, civilization, demoralization"
],
"-blast": [
"A suffix or terminal formative, used principally in biological terms, and signifying growth, formation; as, bioblast, epiblast, mesoblast, etc"
],
"-derm": [
"A suffix or terminal formative, much used in anatomical terms, and signifying skin, integument, covering; as, blastoderm, ectoderm, etc"
],
"-dom": [
"A suffix denoting"
],
"-ed": [
"The termination of the past participle of regular, or weak, verbs; also, of analogous participial adjectives from nouns; as, pigmented; talented"
],
"-ee": [
"A suffix used, chiefly in law terms, in a passive signification, to indicate the direct or indirect object of an action, or the one to whom an act is done or on whom a right is conferred; as in assignee, donee, alienee, grantee, etc. It is correlative to -or, the agent or doer"
],
"-en": [
"A suffix from AS. -an, formerly used to form the plural of many nouns, as in ashen, eyen, oxen, all obs. except oxen. In some cases, such as children and brethren, it has been added to older plural forms",
"A suffix corresponding to AS. -en and -on, formerly used to form the plural of verbs, as in housen, escapen",
"A suffix signifying to make, to cause, used to form verbs from nouns and adjectives; as in strengthen, quicken, frighten. This must not be confused with -en corresponding in Old English to the AS. infinitive ending -an",
"An adjectival suffix, meaning made of; as in golden, leaden, wooden",
"The termination of the past participle of many strong verbs; as, in broken, gotten, trodden"
],
"-ence": [
"A noun suffix signifying action, state, or quality; also, that which relates to the action or state; as in emergence, diffidence, diligence, influence, difference, excellence. See -ance"
],
"-ency": [
"A noun suffix having much the same meaning as -ence, but more commonly signifying the quality or state; as, emergency, efficiency. See -ancy"
],
"-ent": [
"An adjective suffix signifying action or being; as, corrodent, excellent, emergent, continent, quiescent. See -ant"
],
"-er": [
"",
"A suffix used to form the comparative degree of adjectives and adverbs; as, warmer, sooner, lat(e)er, earl(y)ier"
],
"-escent": [
"A suffix signifying beginning, beginning to be; as, adolescent, effervescent, etc"
],
"-esque": [
"A suffix of certain words from the French, Italian, and Spanish. It denotes manner or style; like; as, arabesque, after the manner of the Arabs"
],
"-ess": [
"A suffix used to form feminine nouns; as, actress, deaconess, songstress"
],
"-est": [
"A suffix used to form the superlative of adjectives and adverbs; as, smoothest; earl(y)iest"
],
"-et": [
"A noun suffix with a diminutive force; as in baronet, pocket, facet, floweret, latchet"
],
"-ferous": [
"A suffix signifying bearing, producing, yielding; as, auriferous, yielding gold; chyliferous, producing chyle"
],
"-footer": [
"a suffix designating something with a length of (so many) feet; -- used only in combinations with a numerical prefix; as, he is a six-footer; the golfer sank a 40-footer; his yacht is a 60-footer"
],
"-form": [
"A suffix used to denote in the form or shape of, resembling, etc.; as, valiform; oviform"
],
"-ful": [
"A suffix signifying full of, abounding with; as, boastful, harmful, woeful"
],
"-fy": [
"A suffix signifying to make, to form into, etc.; as, acetify, amplify, dandify, Frenchify, etc"
],
"-gen": [
"A suffix used in scientific words in the sense of producing, generating: as, amphigen, amidogen, halogen",
"A suffix meaning produced, generated; as, exogen"
],
"-genous": [
"A suffix signifying producing, yielding; as, alkaligenous; endogenous"
],
"-gerous": [
"A suffix signifying bearing, producing; as, calcigerous; dentigerous"
],
"-gram": [
"A suffix indicating something drawn or written, a drawing, writing; -- as, monogram, telegram, chronogram"
],
"-graph": [
"A suffix signifying something written (as in digraph), a writing; also, a writer or an instrument that produces a written or visible record of a measurement, such as a spectrograph; as, autograph, crystograph, telegraph, photograph"
],
"-graphy": [
"A suffix denoting the art of writing or describing; also, the writing or description itself; a treatise; as, calligraphy, biography, geography"
],
"-grave": [
"A final syllable signifying a ruler, as in landgrave, margrave. See Margrave"
],
"-handled": [
"having a usually specified type of handle; as, a pearl-handled revolver; a long-handled shovel"
],
"-head": [
"A variant of -hood"
],
"-hood": [
"A termination denoting state, condition, quality, character, totality, as in manhood, childhood, knighthood, brotherhood. Sometimes it is written, chiefly in obsolete words, in the form -head"
],
"-ible": [
"___-able"
],
"-ic": [
"A suffix signifying, in general, relating to, or characteristic of; as, historic, hygienic, telegraphic, etc",
"A suffix, denoting that the element indicated enters into certain compounds with its highest valence, or with a valence relatively higher than in compounds where the name of the element ends in -ous; as, ferric, sulphuric. It is also used in the general sense of pertaining to; as, hydric, sodic, calcic"
],
"-ics": [
"A suffix used in forming the names of certain sciences, systems, etc., as acoustics, mathematics, dynamics, statistics, politics, athletics"
],
"-ide": [
"A suffix used to denote: (a) The nonmetallic, or negative, element or radical in a binary compound; as, oxide, sulphide, chloride. (b) A compound which is an anhydride; as, glycolide, phthalide. (c) Any one of a series of derivatives; as, indogenide, glucoside, etc"
],
"-in": [
"A suffix. See the Note under -ine"
],
"-in-law": [
"A suffix meaning through marriage.  See in-law"
],
"-ine": [
"A suffix, indicating that those substances of whose names it is a part are basic, in their nature, i.e. contain a basic nitrogen group",
"A suffix, formerly used to indicate hydrocarbons of the second degree of unsaturation; i. e., members of the acetyline series; as, hexine, heptine, etc., but now superseded by the ending -yne, as in propyne"
],
"-ing": [
"A suffix used to from present participles; as, singing, playing",
"A suffix used to form nouns from verbs, and signifying the act of; the result of the act; as, riding, dying, feeling. It has also a secondary collective force; as, shipping, clothing",
"A suffix formerly used to form diminutives; as, lording, farthing"
],
"-ion": [
"A noun suffix denoting act, process, result of an act or a process, thing acted upon, state, or condition; as, revolution, the act or process of revolving; construction, the act or process of constructing; a thing constructed; dominion, territory ruled over; subjection, state of being subject; dejection; abstraction"
],
"-ise": [
"___-ize"
],
"-ish": [
"A suffix used to from adjectives from nouns and from adjectives. It denotes relation, resemblance, similarity, and sometimes has a diminutive force; as, selfish, boyish, brutish; whitish, somewhat white",
"A verb ending, originally appearing in certain verbs of French origin; as, abolish, cherish, finish, furnish, garnish, impoverish"
],
"-ism": [
"A suffix indicating an act, a process, the result of an act or a process, a state; also, a characteristic (as a theory, doctrine, idiom, etc.); as, baptism, galvanism, organism, hypnotism, socialism, sensualism, Anglicism"
],
"-ist": [
"A noun suffix denoting an agent, or doer, one who practices, a believer in; as, theorist, one who theorizes; socialist, one who holds to socialism; sensualist, one given to sensuality"
],
"-ite": [
"A suffix denoting one of a party, a sympathizer with or adherent of, and the like, and frequently used in ridicule; as, a Millerite; a Benthamite",
"A suffix used in naming minerals; as, chlorite, from its characteristic green color; barite, from its heaviness; graphite, from its use in writing",
"A suffix used to denote the salts formed from those acids whose names end in -ous; as, sulphite, from sulphurous; nitrite, from nitrous acid, etc"
],
"-itis": [
"A suffix used in medical terms to denote an inflammatory disease of; as, arthritis; bronchitis, phrenitis, nephritis"
],
"-ive": [
"An adjective suffix signifying relating or belonging to, of the nature of, tending to; as, affirmative, active, conclusive, corrective, diminutive"
],
"-ize": [
"A verb suffix signifying to make, to do, to practice; as, apologize, baptize, theorize, tyrannize"
],
"-kin": [
"A diminutive suffix; as, manikin; lambkin"
],
"-less": [
"A privative adjective suffix, denoting without, destitute of, not having; as witless, childless, fatherless"
],
"-let": [
"A noun suffix having a diminutive force; as in streamlet, wavelet, armlet"
],
"-ling": [
"A noun suffix, commonly having a diminutive or a depreciatory force; as in duckling, gosling, hireling, fosterling, firstling, underling",
"An adverbial suffix; as, darkling, flatling"
],
"-lite": [
"___-lith"
],
"-lith": [
"Combining forms fr. Gr. li`qos a stone; -- used chiefly in naming minerals and rocks"
],
"-logy": [
"A combining form denoting a discourse, treatise, doctrine, theory, science; as, theology, geology, biology, mineralogy"
],
"-ly": [
"A suffix forming adjectives and adverbs, and denoting likeness or resemblance; as, housewifely duties"
],
"-mancy": [
"A combining form denoting divination; as, aleuromancy, chiromancy, necromancy, etc"
],
"-meister": [
"A suffix denoting master or professional practitioner, as in spinmeister or hypemeister"
],
"-ment": [
"A suffix denoting that which does a thing; an act or process; the result of an act or process; state or condition; as, aliment, that which nourishes, ornament, increment; fragment, piece broken, segment; abridgment, act of abridging, imprisonment, movement, adjournment; amazement, state of being amazed, astonishment"
],
"-mere": [
"A combining form meaning part, portion; as, blastomere, epimere"
],
"-meter": [
"A suffix denoting that by which anything is measured; as, barometer, chronometer, dynamometer"
],
"-metry": [
"A suffix denoting the art, process, or science, of measuring; as, acidimetry, bathymetry, chlorometry, chronometry"
],
"-mo": [
"A suffix added to the names of certain numerals or to the numerals themselves, to indicate the number of leaves made by folding a sheet of paper; as, sixteenmo or 16mo; eighteenmo or 18mo.  It is taken from the Latin forms similarly used; as, duodecimo, sextodecimo, etc.  A small circle, placed after the number and near its top, is often used for -mo; as, 16°, 18°, etc"
],
"-morphous": [
"A combining form denoting form, shape; as, isomorphous"
],
"-ness": [
"A suffix used to form abstract nouns expressive of quality or state; as, goodness, greatness"
],
"-nik": [
"A suffix attached to other words indicating a person with certain characteristics or associated with a certain group or behavior; as, beatnik, kibbutznik; it is sometimes used derogatorily; as in no-goodnik, peacenik"
],
"-ock": [
"A suffix used to form diminutives; as, bullock, hillock"
],
"-oid": [
"A suffix or combining form meaning like, resembling, in the form of; as in anthropoid, asteroid, spheroid"
],
"-ol": [
"A suffix denoting that the substance in the name of which it appears belongs to the series of alcohols or hydroxyl derivatives, as ethanol, carbinol, phenol, glycerol, etc.  Such compounds contain the hydroxy radical (-OH)"
],
"-oma": [
"A suffix used in medical terms to denote a morbid condition of some part, usually some kind of tumor; as in fibroma, glaucoma"
],
"-one": [
"A suffix indicating that the substance, in the name of which it appears, is a ketone; as, acetone",
"A termination indicating that the hydrocarbon to the name of which it is affixed belongs to the fourth series of hydrocarbons, or the third series of unsaturated hydrocarbons; as, nonone"
],
"-or": [
"A noun suffix denoting an act; a state or quality; as in error, fervor, pallor, candor, etc",
"A noun suffix denoting an agent or doer; as in auditor, one who hears; donor, one who gives; obligor, elevator.  It is correlative to -ee.  In general -or is appended to words of Latin, and -er to those of English, origin. See -er"
],
"-ory": [
"An adjective suffix meaning of or pertaining to, serving for; as in auditory, pertaining to or serving for hearing; prohibitory, amendatory, etc",
"A noun suffix denoting that which pertains to, or serves for; as in ambulatory, that which serves for walking; consistory, factory, etc"
],
"-ose": [
"A suffix denoting full of, containing, having the qualities of, like; as in verbose, full of words; pilose, hairy; globose, like a globe",
"A suffix indicating that the substance to the name of which it is affixed is a member of the carbohydrate group; as in cellulose, sucrose, dextrose, etc"
],
"-our": [
"___-or"
],
"-ous": [
"An adjective suffix meaning full of, abounding in, having, possessing the qualities of, like; as in gracious, abounding in grace; arduous, full of ardor; bulbous, having bulbs, bulblike; riotous, poisonous, piteous, joyous, etc",
"A suffix denoting that the element indicated by the name bearing it, has a valence lower than that denoted by the termination -ic; as, nitrous, mercurous, ferrous, sulphurous, etc., as contrasted with nitric, mercuric, ferric, sulphuric, etc"
],
"-phobia": [
"A combining form used as a suffix to designate specific phobias, such as agoraphobia (fear of public places), acrophobia (fear of heights).  The first part of the combining form is usually derived from Greek"
],
"-phore": [
"Combining form meaning bearer of the element preceding; as, ionophore; semaphore"
],
"-plastic": [
"A combining form signifying developing, forming, growing; as, heteroplastic, monoplastic, polyplastic"
],
"-plasty": [
"A combining form denoting the act or process of forming, development, growth; as, autoplasty, perineoplasty"
],
"-pod": [
"A combining form or suffix from Gr. poy`s, podo`s, foot; as, decapod, an animal having ten feet; phyllopod, an animal having leaflike feet; myriapod, hexapod"
],
"-poda": [
"A New Latin plural combining form or suffix from Gr. &unr_;, &unr_;, foot; as, hexapoda, myriapoda. See -pod"
],
"-ric": [
"A suffix signifying dominion, jurisdiction; as, bishopric, the district over which a bishop exercises authority"
],
"-s": [
"The suffix used to form the plural of most words; as in roads, elfs, sides, accounts",
"The suffix used to form the third person singular indicative of English verbs; as in falls, tells, sends",
"An adverbial suffix; as in towards, needs, always, -- originally the genitive, possesive, ending. See -'s"
],
"-scope": [
"A combining form usually signifying an instrument for viewing (with the eye) or observing (in any way); as in microscope, telescope, altoscope, anemoscope"
],
"-ship": [
"A suffix denoting state, office, dignity, profession, or art; as in lordship, friendship, chancellorship, stewardship, horsemanship"
],
"-some": [
"A combining form or suffix from Gr. sw^ma (gen. sw`matos) the body; as in merosome, a body segment; cephalosome, etc",
"An adjective suffix having primarily the sense of like or same, and indicating a considerable degree of the thing or quality denoted in the first part of the compound; as in mettlesome, full of mettle or spirit; gladsome, full of gladness; winsome, blithesome, etc"
],
"-ster": [
"A suffix denoting the agent (originally a woman), especially a person who does something with skill or as an occupation; as in spinster (originally, a woman who spins), songster, baxter (= bakester), youngster"
],
"-taxis": [
"combining form for taxis{3}"
],
"-type": [
"A combining form signifying impressed form; stamp; print; type; typical form; representative; as in stereotype phototype, ferrotype, monotype"
],
"-uret": [
"A suffix with the same meaning as -ide. See -ide"
],
"-ward": [
"Suffixes denoting course or direction to; motion or tendency toward; as in backward, or backwards; toward, or towards, etc"
],
"-wards": [
"___-ward"
],
"-ways": [
"A suffix formed from way by the addition of the adverbial -s (see -wards). It is often used interchangeably with wise; as, endways or endwise; noways or nowise, etc"
],
"-yl": [
"A suffix used as a characteristic termination of chemical radicals; as in ethyl, carbonyl, hydroxyl, etc"
],
"1-dodecanol": [
"An insoluble solid alcohol (C12H25OH) with an unbranched paraffin chain, used to make detergents, such as sodium lauryl sulfate"
],
"1-hitter": [
"a baseball game in which one team's pitchers allow the opposing team only one hit"
],
"11-plus": [
"an examination taken by 11 and 12 year old students to select suitable candidates for grammar school"
],
"1st": [
"preceding all other objects or events in order, time, or importance; occurring before all other members of a series"
],
"1st-class": [
"a class mail comprising letters, postcards, and other mail sealed against inspection, having a higher priority than second, third, or fourth-class mail; -- it is the highest class of mail not handled in a special manner, as is registered or priority mail"
],
"2-hitter": [
"a game in which a pitcher allows the opposing team only 2 hits"
],
"24/7": [
"Without interruption; non-stop; continuous; as, the computer manufacturer provides 24/7 technical help"
],
"2d": [
"coming next after the first in position in space or time or degree or magnitude"
],
"3d": [
"a movie with images having three dimensional form or appearance"
],
"3-hitter": [
"a game in which a pitcher allows the opposing team only 3 hits"
],
"4-hitter": [
"a game in which a pitcher allows the opposing team 4 hits"
],
"4to": [
"the size of a book whose pages are made by folding a sheet of paper twice to form four leaves"
],
"5-hitter": [
"a game in which a pitcher allows the opposing team 5 hits"
],
"7/24": [
"___24/7"
],
"8vo": [
"the size of a book whose pages are made by folding a sheet of paper three times to form eight leaves"
],
"9/11": [
"September 11, 2001 -- the day when two airplanes hijacked by Islamic terrorists were deliberately crashed into the \"twin towers\" (the two 110-storey skyscrapers of the World Trade Center) in New York City, causing those buildings to collapse and much other damage in the nearby area.  Another plane was crashed into the Pentagon near Washington.  In total, the attacks caused nearly 3,000 deaths.  This was the worst incident of terrorism inside the United States to date.  The abbreviated date 9/11 is now taken to refer to that specific day and the terrorist incidents that occured that day.  It is used especially in the phrase “the events of 9/11”"
]
}
